first_name,last_name,email,gender,id_number,phone_number,reg_number,status,student_type
Leontyne,Merman,lmerman0@google.pl,Female,122268173200145-942,105 756 5362,RIIJVB307499219002643440,Active,Boarder
Daron,Nertney,dnertney1@tuttocitta.it,Agender,582002022316881-087,652 903 5423,BQBHYX735169507367616481,Deactivated,Prepaid
Zebedee,Dunridge,zdunridge2@sun.com,Male,161544757972844-628,405 701 0939,OOIWAJ443398648435946886,Active,Boarder
Lotta,Pedrocchi,lpedrocchi3@mail.ru,Genderfluid,956392296690755-482,222 252 4466,CPFIGJ901336248843991552,Active,Boarder
Filippo,Bowkett,fbowkett4@cisco.com,Male,735998376903826-287,524 875 3792,HWHYUX353858883836425995,Active,One-Time
Tod,Bosher,tbosher5@histats.com,Male,844995479513123-795,849 927 1785,WVTFRJ456780682751988994,Deactivated,One-Time
Shandee,Tipping,stipping6@sun.com,Polygender,937463267050568-133,260 487 6775,YKMSRX288394020541990197,Active,One-Time
Karel,Miguel,kmiguel7@slideshare.net,Male,291449743688277-570,428 547 0117,ILJBHI423605480815356735,Deactivated,One-Time
Arlinda,Aston,aaston8@yellowpages.com,Female,641388480384902-038,887 348 7845,TRIEQZ078997480475630338,Deactivated,Boarder
Jerrome,Mickleborough,jmickleborough9@etsy.com,Male,378827009217357-963,717 916 5359,BTFYBC542651787816656922,Active,Boarder
Gael,Fearnside,gfearnsidea@howstuffworks.com,Male,587580055862292-782,470 948 4708,QCOPJT418081195721127565,Active,Prepaid
Malory,Johananov,mjohananovb@amazon.co.uk,Female,479756425056956-432,949 218 8736,SLAQOD032937728353569407,Deactivated,One-Time
Elinore,Misselbrook,emisselbrookc@europa.eu,Female,747753102732361-956,661 998 4148,VPIBVC922325514073448484,Active,Prepaid
Genevieve,Pigne,gpigned@xinhuanet.com,Female,650695706108350-969,717 174 6975,HGCWOO624470265600876641,Active,One-Time
Vidovic,Whines,vwhinese@xinhuanet.com,Male,556460980409860-766,668 987 5653,OJRZGH311571634911081525,Deactivated,One-Time
Franciska,Dee,fdeef@forbes.com,Female,155631996193289-056,229 740 3927,QJDTOG922667510371141695,Active,Boarder
Ly,Tink,ltinkg@si.edu,Male,068206748572057-500,845 661 7978,DIIUZP801742622572762745,Active,Boarder
Marena,Gribbell,mgribbellh@jalbum.net,Female,151688453295170-128,240 375 2632,XCAUQC306274220833777393,Active,Prepaid
Vidovic,Baudichon,vbaudichoni@uol.com.br,Male,638252177449517-573,889 737 4251,ZUPBAH559394531085095628,Deactivated,Boarder
Ingemar,Gorelli,igorellij@tinypic.com,Male,396780809747309-605,455 841 3649,BQGZYY106223892021974926,Deactivated,Prepaid
Germaine,Dudley,gdudleyk@sakura.ne.jp,Female,129094502247420-018,480 492 0466,KWXPNC056726858007228386,Active,Boarder
Orazio,Mapples,omapplesl@gmpg.org,Male,904068871811924-447,870 526 8472,RADOUY497190608939085653,Active,One-Time
Jefferey,Beardow,jbeardowm@dell.com,Non-binary,087138189745386-412,910 610 9168,ZCIEAL042272638582921422,Active,Prepaid
Lorraine,Cordel,lcordeln@oakley.com,Female,324756144644201-944,440 574 7823,FGDTXK615486234231623496,Active,Prepaid
Ali,Simone,asimoneo@utexas.edu,Female,026686113952615-474,905 654 1094,WXIYXJ616415921910017793,Active,One-Time
Torey,Searchwell,tsearchwellp@gnu.org,Male,705910127978996-906,596 276 0506,NBJNFS904292947180306349,Deactivated,Boarder
Elmo,Shillito,eshillitoq@tuttocitta.it,Male,644594178713619-089,540 587 6167,GBSEWM121547903525736171,Deactivated,Prepaid
Rhodia,Griffoen,rgriffoenr@aboutads.info,Female,180073084127494-757,102 508 0802,XQTHTR818930536369182334,Deactivated,One-Time
Brandais,Lisciandri,blisciandris@vimeo.com,Non-binary,365380121716548-983,780 998 6921,NYWGYL995552273080600677,Deactivated,Boarder
Huntley,Cotherill,hcotherillt@pinterest.com,Male,029639488593043-868,905 857 1702,BTGNOM644186574417279881,Deactivated,Prepaid
Shirlene,Steketee,ssteketeeu@ihg.com,Female,731878205575147-499,986 491 6506,BOALCT348200904120554113,Active,Boarder
Wayland,Caffery,wcafferyv@mapy.cz,Male,355928496546306-410,695 709 3492,CADVWY373947424688440461,Deactivated,Boarder
Franzen,Pardal,fpardalw@issuu.com,Male,920364308838379-291,689 683 6954,GKPOSG450575452277724269,Active,One-Time
Garald,Brash,gbrashx@jigsy.com,Male,621307121701587-636,816 113 5105,UUVTNI967432587594073514,Active,Prepaid
Alonzo,Tippetts,atippettsy@harvard.edu,Male,400180197740997-207,969 852 3777,YUFGHU462477629706683619,Active,Prepaid
Farah,Beggs,fbeggsz@wunderground.com,Agender,283722414551041-540,829 323 8745,AADBNA043660714957344683,Active,Prepaid
Frasquito,Hamman,fhamman10@guardian.co.uk,Male,802416341252248-576,866 850 8551,EXGXZA413183887336869400,Active,Boarder
Shepard,Haddy,shaddy11@huffingtonpost.com,Male,754887136722605-099,203 409 1271,BRCPSZ975783289971544541,Deactivated,Boarder
Salome,Clashe,sclashe12@infoseek.co.jp,Female,114834396948825-443,367 464 8344,ATNLSG285930974836675509,Active,One-Time
Nevins,Will,nwill13@unesco.org,Male,843844785039954-854,484 275 3438,LHILSM164396327320021430,Active,Prepaid
Reine,Alesbrook,ralesbrook14@redcross.org,Female,501002176992487-432,675 796 0964,GDXTHM457570179192878380,Deactivated,Boarder
Jamil,Kliemke,jkliemke15@typepad.com,Male,214233157253505-696,849 745 5908,VQLPOS293831584398215073,Active,One-Time
Leupold,Finker,lfinker16@rakuten.co.jp,Male,964769936588336-727,499 546 6858,GTPQJO380361141151496589,Deactivated,Prepaid
Lorne,Cannaway,lcannaway17@psu.edu,Non-binary,076394156929169-869,964 604 6720,OQIWZO141353134717587578,Active,One-Time
Rosita,Brightman,rbrightman18@paginegialle.it,Genderqueer,086344238123429-078,696 236 2545,CIUTKX569298887049683067,Active,One-Time
Bettina,Powner,bpowner19@newyorker.com,Female,119685208767795-354,399 501 5720,UGLFBZ794780049248624056,Deactivated,Boarder
Berny,Sallery,bsallery1a@dedecms.com,Male,471578842479246-123,370 396 7718,UNVSJP412151217147062885,Deactivated,One-Time
Cthrine,Rodolico,crodolico1b@weather.com,Female,801723997576037-675,735 252 4276,NHFXDO202067322664675244,Active,Boarder
Rosetta,Vallance,rvallance1c@chronoengine.com,Female,546349673955718-520,731 382 9782,BSTELO002796631115780823,Active,One-Time
Dollie,Sunnucks,dsunnucks1d@wisc.edu,Agender,269685182087114-761,512 961 9482,ZWEJOA490129943915569812,Active,Prepaid
Giralda,Slessar,gslessar1e@hostgator.com,Female,820374002632605-747,310 299 9922,UIBBBT032208024368416707,Active,Prepaid
Dell,Bewlay,dbewlay1f@goodreads.com,Male,956346651932545-166,279 260 1468,ICYBXF900666741806032286,Deactivated,One-Time
Kyla,Tomovic,ktomovic1g@mtv.com,Female,688068584740543-297,480 665 4901,RXEEVE727334741232874366,Active,Prepaid
Kellsie,Sainter,ksainter1h@shutterfly.com,Female,851198147916995-419,576 297 1608,YKMLBL714849326052855831,Active,Prepaid
Alessandra,MacCaughey,amaccaughey1i@bbb.org,Female,090414470430149-255,663 574 7550,LQYBUT501781427050948904,Deactivated,Boarder
Raynor,Ritchie,rritchie1j@va.gov,Male,333103565699246-039,146 320 0191,WQTIBY118020207935148734,Active,Prepaid
Enrico,Neillans,eneillans1k@delicious.com,Male,081676275964394-183,370 412 9069,XRQXVE579074593331314583,Deactivated,Prepaid
Pall,Coplestone,pcoplestone1l@taobao.com,Male,243934821917345-113,924 633 9095,IJJNAU145540707973820151,Deactivated,Prepaid
Gabriel,Reeson,greeson1m@wordpress.org,Female,695272060000028-218,312 771 9815,NEFAYG936931106580801265,Active,Boarder
Lowell,Boulton,lboulton1n@infoseek.co.jp,Male,125438585208048-554,646 627 6146,SXFPNK025990155935774428,Deactivated,Boarder
Shurlock,Hards,shards1o@drupal.org,Male,431957443765894-490,976 580 0998,RXEQDY851389145856723688,Deactivated,One-Time
Brigid,Stelfox,bstelfox1p@weather.com,Female,994300157284443-191,116 439 8168,IRPVAC483777998606114270,Active,Boarder
Debbi,Boycott,dboycott1q@360.cn,Female,600943806625185-085,202 685 2675,UXGHSY341797053278218893,Active,Boarder
Isidore,Flacke,iflacke1r@digg.com,Male,521210244180985-499,781 296 5546,WFIYHC870339788811840605,Deactivated,Boarder
Vick,Polding,vpolding1s@slate.com,Male,149875690431345-437,357 501 7612,MNLOJW247096609437610070,Active,Prepaid
Riva,Vaillant,rvaillant1t@bloglines.com,Female,568118244312154-900,415 319 5486,WVHIQI533205870127419454,Deactivated,Prepaid
Mozes,Spickett,mspickett1u@alexa.com,Male,811797207310793-267,176 484 2329,NWEYER651246623747187721,Deactivated,One-Time
Travus,MacSwayde,tmacswayde1v@parallels.com,Male,217653932105731-575,109 802 2101,DCVBWQ254167394417056604,Active,Boarder
Roshelle,Gilliatt,rgilliatt1w@123-reg.co.uk,Female,804590428622190-404,392 428 2290,XPMHHQ850501837633601435,Active,Prepaid
Fran,Meletti,fmeletti1x@shareasale.com,Female,133280017210394-013,243 750 5535,PNDWLV891672814848094871,Deactivated,Boarder
Barr,Herley,bherley1y@columbia.edu,Agender,195042057972370-036,613 747 3644,RSBGVY108573644220979811,Deactivated,Boarder
Rawley,Hoodless,rhoodless1z@yolasite.com,Male,821922210193063-691,203 418 7905,KFFZJY875687397643778607,Active,One-Time
Vincent,Bendell,vbendell20@feedburner.com,Male,027735188832854-232,483 698 2376,JJFWFL599210947329920849,Deactivated,One-Time
Gilbertine,Kettle,gkettle21@timesonline.co.uk,Female,507700332601771-464,147 968 1647,DFPKRJ906306590046199569,Active,Prepaid
Flori,Giacomoni,fgiacomoni22@msn.com,Female,224836748157130-952,111 956 7266,NSPHDL832852322652754525,Deactivated,Prepaid
Odelinda,MacVicar,omacvicar23@nature.com,Female,613824606593566-329,501 107 4543,SDMOMX904960640348883900,Deactivated,Prepaid
Darla,Crystal,dcrystal24@wunderground.com,Female,270405796548309-316,329 800 8831,QJHBQP105587831898080711,Deactivated,One-Time
Abey,Corsor,acorsor25@economist.com,Male,681025033871996-035,380 617 1211,EROQYN599544775934257075,Active,One-Time
Libbi,Tallman,ltallman26@businessinsider.com,Female,481664942920310-020,675 427 7359,ZAHJQY496861234639972616,Deactivated,Boarder
Austen,Wigfall,awigfall27@naver.com,Male,557655365343634-578,928 961 8283,MLTNDZ405286737212343506,Deactivated,One-Time
Lucie,Petrolli,lpetrolli28@mail.ru,Female,998155328497298-112,850 366 6593,VWZQNR255661809752851064,Active,Prepaid
Geneva,MacGillivray,gmacgillivray29@51.la,Female,439408271758371-798,844 612 3009,RHTYEZ349937158101715654,Deactivated,One-Time
Bryna,Eyer,beyer2a@oracle.com,Female,885165156466745-716,212 980 3438,SYWKNF355570105180260922,Active,Prepaid
Aubrette,MacCarlich,amaccarlich2b@amazon.com,Female,913646156701833-186,283 738 9777,CJZRWA311180732665740646,Deactivated,Boarder
Gena,Crowder,gcrowder2c@topsy.com,Agender,831531431100517-388,223 275 8663,QTXSKI095005129735935918,Active,Boarder
Isiahi,Lynskey,ilynskey2d@twitpic.com,Bigender,685744832165632-161,168 415 8056,YPCNRQ307596358241233307,Active,Boarder
Nicki,Kik,nkik2e@youku.com,Female,362311282454447-240,806 293 0494,WXTYFU383732090141914511,Active,Boarder
Teador,Zealander,tzealander2f@auda.org.au,Male,601209189703992-893,582 114 5343,RZLNWW283340253255405608,Deactivated,Prepaid
Hedvig,Roz,hroz2g@cornell.edu,Female,734884605965707-901,942 677 3853,JYIBEC496554481085692250,Active,Boarder
Harri,Treffry,htreffry2h@bbc.co.uk,Female,531673341401972-810,245 371 1678,YIJGVN689193130110697484,Deactivated,Prepaid
Marj,Leyzell,mleyzell2i@huffingtonpost.com,Female,506186917724751-893,445 253 8501,BSNKVD889084514831270934,Active,Boarder
Gwyneth,Luxford,gluxford2j@hhs.gov,Female,346764816230802-884,719 982 0583,FCHUCF780450245827320611,Active,Prepaid
Fiorenze,Hartzenberg,fhartzenberg2k@vkontakte.ru,Female,960458688358475-017,632 751 2862,FSBJRE271746006880027093,Active,Boarder
Hamil,Tuplin,htuplin2l@nps.gov,Bigender,127212250179734-987,998 316 9807,LIRCBW598914000172895707,Deactivated,Prepaid
Kelvin,Gerram,kgerram2m@stanford.edu,Male,415601624829231-285,909 324 6588,KGKMVG899582091519768546,Deactivated,Boarder
Midge,Ball,mball2n@technorati.com,Female,614112129055417-108,360 432 2207,SEEFEI543311034768228465,Deactivated,Boarder
Evvy,McEniry,emceniry2o@freewebs.com,Female,998994791233058-441,912 596 2868,QMKNKN927551693869364045,Deactivated,Prepaid
Rustie,Bearcroft,rbearcroft2p@sbwire.com,Male,051799287025044-092,584 706 5701,SYXSJH700593804060038873,Active,Prepaid
Brigham,Lovekin,blovekin2q@cbsnews.com,Male,257476532257938-916,297 433 0322,AWMVOS217239750769513146,Active,One-Time
Tim,Bradshaw,tbradshaw2r@ed.gov,Bigender,369439648240185-419,831 693 1652,PETTGW031629304695328511,Deactivated,Prepaid
